"Message",Low,"Starting .NET Native compilation"
"Message",Low,""
"Message",Low,""
"Message",Low,"Task ""Gatekeeper"""
"Message",Normal,"Launching 'C:\Program Files (x86)\Microsoft SDKs\UWPNuGetPackages\microsoft.net.native.compiler\1.7.6\tools\x86\ilc\Tools\Gatekeeper.exe @""C:\Users\Noah\Documents\PublicFiles\ProdigalTestApp1\ProdigalTestApp1\obj\x86\Release\ilc\intermediate\gkargs.rsp""'"
"Message",Low,"Microsoft (R) .NET Native Gatekeeper Version 1.7.27420.00 "
"Message",Low,"Copyright (C) Microsoft Corporation.  All rights reserved. "
"Message",Low," "
"Message",Low,"Checking assembly 'C:\Users\Noah\Documents\PublicFiles\ProdigalTestApp1\ProdigalTestApp1\obj\x86\Release\ilc\in\ProdigalTestApp1.exe'. "
"Message",Low,"Checking assembly 'C:\Users\Noah\Documents\PublicFiles\ProdigalTestApp1\ProdigalTestApp1\obj\x86\Release\ilc\in\SQLite.Net.dll'. "
"Message",Low,"Checking assembly 'C:\Users\Noah\Documents\PublicFiles\ProdigalTestApp1\ProdigalTestApp1\obj\x86\Release\ilc\in\SQLite.Net.Platform.WinRT.dll'. "
"Message",Normal,"'C:\Program Files (x86)\Microsoft SDKs\UWPNuGetPackages\microsoft.net.native.compiler\1.7.6\tools\x86\ilc\Tools\Gatekeeper.exe @""C:\Users\Noah\Documents\PublicFiles\ProdigalTestApp1\ProdigalTestApp1\obj\x86\Release\ilc\intermediate\gkargs.rsp""' completed."
"Message",Normal,"Process execution statistics (all times in milliseconds)"
"Message",Normal,"-----------------------------------------------------------------------------"
"Message",Normal,"launch  |  start   |   stop   |   end    | duration | lifetime | [slot] name"
"Message",Normal,"-----------------------------------------------------------------------------"
"Message",Normal,"       0 |      109 |     1172 |     1172 |     1063 |     1172 | [0] Gatekeeper"
"Message",Normal,"Number of commands:      1"
"Message",Normal,"Total system time:       1172 ms"
"Message",Normal,"System time per command: 1172 ms"
"Message",Normal,"Total duration:          1063 ms"
"Message",Normal,"Total lifetime:          1172 ms"
"Message",Normal,"Requested DOP:           4"
"Message",Normal,"Duration DOP:            0.9"
"Message",Normal,"Lifetime DOP:            1.0"
"Message",Low,"Done executing task ""Gatekeeper""."
"Message",Low,"Done building target ""RunGatekeeper"" in file ""Preparation""."
"Message",Low,""
"Message",Low,"Task ""InjectWindowsRuntimeTypeForwards"""
"Message",Normal,"Running 'InjectWindowsRuntimeTypeForwards' transform, heap at 13 MB."
"Message",Normal,"Running 'WriteAssemblies' transform, heap at 17 MB."
"Message",Normal,""
"Message",Normal,"Transform summary"
"Message",Normal,"    ms | heap delta | name"
"Message",Normal,"  1134 |          4 | InjectWindowsRuntimeTypeForwards"
"Message",Normal,"   553 |          1 | WriteAssemblies"
"Message",Low,"Done executing task ""InjectWindowsRuntimeTypeForwards""."
"Message",Low,"Done building target ""InjectWindowRuntimeTypeForwards"" in file ""Preparation""."
"Message",Low,""
"Message",Low,"Task ""PreResolveAssemblyClosure"""
"Message",Low,"Done executing task ""PreResolveAssemblyClosure""."
"Message",Low,"Done building target ""PreResolveTransforms"" in file ""Preparation""."
"Message",Low,""
"Message",Low,"Task ""InitialAssemblyClosure"""
"Message",Low,"Done executing task ""InitialAssemblyClosure""."
"Message",Low,"Task ""ResolveInitialReferencesAssemblyClosure1"""
"Message",Low,"Done executing task ""ResolveInitialReferencesAssemblyClosure1""."
"Message",Low,"Task ""ResolveInitialReferencesAssemblyClosure2"""
"Message",Low,"Done executing task ""ResolveInitialReferencesAssemblyClosure2""."
"Message",Low,"Done building target ""ResolveInitialReferences"" in file ""Preparation""."
"Message",Low,"Done building project ""Preparation""."
"Message",Low,""
"Message",Low,""
"Message",High,"Processing application code"
"Message",Low,"Task ""ValidateSimpleNames"""
"Message",Low,"Done executing task ""ValidateSimpleNames""."
"Message",Low,"Task ""McgContractsResolveFilePath"""
"Message",Low,"Done executing task ""McgContractsResolveFilePath""."
"Message",Low,"Task ""McgFacadeResolveFilePath"""
"Message",Low,"Done executing task ""McgFacadeResolveFilePath""."
"Message",Low,"Task ""FinalAssemblyClosureRootsResolveFilePaths"""
"Message",Low,"Done executing task ""FinalAssemblyClosureRootsResolveFilePaths""."
"Message",Low,"Task ""FinalAssemblyClosure"""
"Message",Low,"Done executing task ""FinalAssemblyClosure""."
"Message",Low,"Task ""RunILTransforms"""
"Message",Normal,"Running 'Analysis' transform, heap at 10 MB."
"Message",Low,"Loading 60 modules..."
"Message",Normal,"Imported reflection directives from 8 files:"
"Message",Normal,"C:\Users\Noah\Documents\PublicFiles\ProdigalTestApp1\ProdigalTestApp1\obj\x86\Release\ilc\in\Properties\Default.rd.xml"
"Message",Normal,"Embedded manifest in System.Diagnostics.Tracing: Resources.System.Diagnostics.Tracing.rd.xml"
"Message",Normal,"Embedded manifest in System.Private.Reflection: System.Private.Reflection.rd.xml"
"Message",Normal,"Embedded manifest in System.Private.CoreLib: Resources.System.Private.CoreLib.rd.xml"
"Message",Normal,"Embedded manifest in System.Private.Uri: Resources.System.Private.Uri.rd.xml"
"Message",Normal,"Embedded manifest in System.Private.Reflection.Core: System.Private.Reflection.Core.rd.xml"
"Message",Normal,"Embedded manifest in System.Linq.Expressions: Resources.System.Linq.Expressions.rd.xml"
"Message",Normal,"Embedded manifest in System.Private.Interop: Resources.System.Private.Interop.rd.xml"
"Message",Normal,"Imported XAML Roots from 1 files:"
"Message",Normal,"C:\Users\Noah\Documents\PublicFiles\ProdigalTestApp1\ProdigalTestApp1\obj\x86\Release\ilc\in\ProdigalTestApp1.xr.xml"
"Message",Normal,"Running 'Mcg' transform, heap at 113 MB."
"Message",High,"Computing application closure and generating interop code"
"Message",Normal,"  List of .lib files:"
"Message",Normal,"      WindowsApp.lib"
"Message",Normal,"      winsqlite3.lib"
"Message",Normal,"  List of .lib search paths:"
"Message",Normal,"      C:\Program Files (x86)\Windows Kits\10\lib\10.0.17763.0\um\x86"
"Message",Normal,"  Loading exports from libs..."
"Message",Normal,"      3219 exports read from 'C:\Program Files (x86)\Windows Kits\10\lib\10.0.17763.0\um\x86\WindowsApp.lib'."
"Message",Normal,"      248 exports read from 'C:\Program Files (x86)\Windows Kits\10\lib\10.0.17763.0\um\x86\winsqlite3.lib'."
"Message",High,"  Loading 60 modules..."
"Message",Normal,"          P/Invoke 'sqlite3_open' resolved to 'sqlite3!sqlite3_open' from 'sqlite3'."
"Message",Normal,"          P/Invoke 'sqlite3_open_v2' resolved to 'sqlite3!sqlite3_open_v2' from 'sqlite3'."
"Message",Normal,"          P/Invoke 'sqlite3_open_v2' resolved to 'sqlite3!sqlite3_open_v2' from 'sqlite3'."
"Message",Normal,"          P/Invoke 'sqlite3_open16' resolved to 'sqlite3!sqlite3_open16' from 'sqlite3'."
"Message",Normal,"          P/Invoke 'sqlite3_close' resolved to 'sqlite3!sqlite3_close' from 'sqlite3'."
"Message",Normal,"          P/Invoke 'sqlite3_config' resolved to 'sqlite3!sqlite3_config' from 'sqlite3'."
"Message",Normal,"          P/Invoke 'sqlite3_win32_set_directory' resolved to 'sqlite3!sqlite3_win32_set_directory' from 'sqlite3'."
"Message",Normal,"          P/Invoke 'sqlite3_busy_timeout' resolved to 'sqlite3!sqlite3_busy_timeout' from 'sqlite3'."
"Message",Normal,"          P/Invoke 'sqlite3_changes' resolved to 'sqlite3!sqlite3_changes' from 'sqlite3'."
"Message",Normal,"          P/Invoke 'sqlite3_prepare_v2' resolved to 'sqlite3!sqlite3_prepare_v2' from 'sqlite3'."
"Message",Normal,"          P/Invoke 'sqlite3_step' resolved to 'sqlite3!sqlite3_step' from 'sqlite3'."
"Message",Normal,"          P/Invoke 'sqlite3_reset' resolved to 'sqlite3!sqlite3_reset' from 'sqlite3'."
"Message",Normal,"          P/Invoke 'sqlite3_finalize' resolved to 'sqlite3!sqlite3_finalize' from 'sqlite3'."
"Message",Normal,"          P/Invoke 'sqlite3_last_insert_rowid' resolved to 'sqlite3!sqlite3_last_insert_rowid' from 'sqlite3'."
"Message",Normal,"          P/Invoke 'sqlite3_errmsg16' resolved to 'sqlite3!sqlite3_errmsg16' from 'sqlite3'."
"Message",Normal,"          P/Invoke 'sqlite3_bind_parameter_index' resolved to 'sqlite3!sqlite3_bind_parameter_index' from 'sqlite3'."
"Message",Normal,"          P/Invoke 'sqlite3_bind_null' resolved to 'sqlite3!sqlite3_bind_null' from 'sqlite3'."
"Message",Normal,"          P/Invoke 'sqlite3_bind_int' resolved to 'sqlite3!sqlite3_bind_int' from 'sqlite3'."
"Message",Normal,"          P/Invoke 'sqlite3_bind_int64' resolved to 'sqlite3!sqlite3_bind_int64' from 'sqlite3'."
"Message",Normal,"          P/Invoke 'sqlite3_bind_double' resolved to 'sqlite3!sqlite3_bind_double' from 'sqlite3'."
"Message",Normal,"          P/Invoke 'sqlite3_bind_text16' resolved to 'sqlite3!sqlite3_bind_text16' from 'sqlite3'."
"Message",Normal,"          P/Invoke 'sqlite3_bind_blob' resolved to 'sqlite3!sqlite3_bind_blob' from 'sqlite3'."
"Message",Normal,"          P/Invoke 'sqlite3_column_count' resolved to 'sqlite3!sqlite3_column_count' from 'sqlite3'."
"Message",Normal,"          P/Invoke 'sqlite3_column_name' resolved to 'sqlite3!sqlite3_column_name' from 'sqlite3'."
"Message",Normal,"          P/Invoke 'sqlite3_column_name16' resolved to 'sqlite3!sqlite3_column_name16' from 'sqlite3'."
"Message",Normal,"          P/Invoke 'sqlite3_column_type' resolved to 'sqlite3!sqlite3_column_type' from 'sqlite3'."
"Message",Normal,"          P/Invoke 'sqlite3_column_int' resolved to 'sqlite3!sqlite3_column_int' from 'sqlite3'."
"Message",Normal,"          P/Invoke 'sqlite3_column_int64' resolved to 'sqlite3!sqlite3_column_int64' from 'sqlite3'."
"Message",Normal,"          P/Invoke 'sqlite3_column_double' resolved to 'sqlite3!sqlite3_column_double' from 'sqlite3'."
"Message",Normal,"          P/Invoke 'sqlite3_column_text' resolved to 'sqlite3!sqlite3_column_text' from 'sqlite3'."
"Message",Normal,"          P/Invoke 'sqlite3_column_text16' resolved to 'sqlite3!sqlite3_column_text16' from 'sqlite3'."
"Message",Normal,"          P/Invoke 'sqlite3_column_blob' resolved to 'sqlite3!sqlite3_column_blob' from 'sqlite3'."
"Message",Normal,"          P/Invoke 'sqlite3_column_bytes' resolved to 'sqlite3!sqlite3_column_bytes' from 'sqlite3'."
"Message",Normal,"          P/Invoke 'sqlite3_extended_errcode' resolved to 'sqlite3!sqlite3_extended_errcode' from 'sqlite3'."
"Message",Normal,"          P/Invoke 'sqlite3_libversion_number' resolved to 'sqlite3!sqlite3_libversion_number' from 'sqlite3'."
"Message",Normal,"          P/Invoke 'sqlite3_sourceid' resolved to 'sqlite3!sqlite3_sourceid' from 'sqlite3'."
"Message",Normal,"          P/Invoke 'sqlite3_backup_init' resolved to 'sqlite3!sqlite3_backup_init' from 'sqlite3'."
"Message",Normal,"          P/Invoke 'sqlite3_backup_step' resolved to 'sqlite3!sqlite3_backup_step' from 'sqlite3'."
"Message",Normal,"          P/Invoke 'sqlite3_backup_finish' resolved to 'sqlite3!sqlite3_backup_finish' from 'sqlite3'."
"Message",Normal,"          P/Invoke 'sqlite3_backup_remaining' resolved to 'sqlite3!sqlite3_backup_remaining' from 'sqlite3'."
"Message",Normal,"          P/Invoke 'sqlite3_backup_pagecount' resolved to 'sqlite3!sqlite3_backup_pagecount' from 'sqlite3'."
"Message",Normal,"          P/Invoke 'sqlite3_sleep' resolved to 'sqlite3!sqlite3_sleep' from 'sqlite3'."
"Message",Normal,"          P/Invoke 'RhWaitForPendingFinalizers' with [DllImport(ExactSpelling=true)] resolved to '[MRT]!RhWaitForPendingFinalizers'."
"Message",Normal,"          P/Invoke 'RhYield' with [DllImport(ExactSpelling=true)] resolved to '[MRT]!RhYield'."
"Message",Normal,"          P/Invoke 'RhCompatibleReentrantWaitAny' with [DllImport(ExactSpelling=true)] resolved to '[MRT]!RhCompatibleReentrantWaitAny'."
"Message",Normal,"          P/Invoke '_ecvt_s' with [DllImport(ExactSpelling=true)] resolved to '[MRT]!_ecvt_s'."
"Message",Normal,"          P/Invoke 'memmove' with [DllImport(ExactSpelling=true)] resolved to '[MRT]!memmove'."
"Message",Normal,"          P/Invoke 'CallingConventionConverter_GetStubs' with [DllImport(ExactSpelling=true)] resolved to '*!CallingConventionConverter_GetStubs'."
"Message",Normal,"          P/Invoke 'GetLastError' resolved to 'api-ms-win-core-errorhandling-l1-1-0.dll!GetLastError' from 'C:\Program Files (x86)\Windows Kits\10\lib\10.0.17763.0\um\x86\WindowsApp.lib'."
"Message",Normal,"          P/Invoke 'RoInitialize' resolved to 'api-ms-win-core-winrt-l1-1-0.dll!RoInitialize' from 'C:\Program Files (x86)\Windows Kits\10\lib\10.0.17763.0\um\x86\WindowsApp.lib'."
"Message",Normal,"          P/Invoke 'IsValidLocaleName' resolved to 'api-ms-win-core-localization-l1-2-0.dll!IsValidLocaleName' from 'C:\Program Files (x86)\Windows Kits\10\lib\10.0.17763.0\um\x86\WindowsApp.lib'."
"Message",Normal,"          P/Invoke 'ResolveLocaleName' resolved to 'api-ms-win-core-localization-l1-2-0.dll!ResolveLocaleName' from 'C:\Program Files (x86)\Windows Kits\10\lib\10.0.17763.0\um\x86\WindowsApp.lib'."
"Message",Normal,"          P/Invoke 'GetCPInfoExW' resolved to 'api-ms-win-core-localization-l1-2-0.dll!GetCPInfoExW' from 'C:\Program Files (x86)\Windows Kits\10\lib\10.0.17763.0\um\x86\WindowsApp.lib'."
"Message",Normal,"          P/Invoke 'CoCreateInstance' with [DllImport(ExactSpelling=true)] resolved to 'api-ms-win-core-com-l1-1-0.dll!CoCreateInstance'."
"Message",Normal,"          P/Invoke '#6' resolved to 'oleaut32.dll!#6' from 'C:\Program Files (x86)\Windows Kits\10\lib\10.0.17763.0\um\x86\WindowsApp.lib'."
"Message",Normal,"          P/Invoke 'RoGetBufferMarshaler' resolved to 'api-ms-win-core-winrt-robuffer-l1-1-0.dll!RoGetBufferMarshaler' from 'C:\Program Files (x86)\Windows Kits\10\lib\10.0.17763.0\um\x86\WindowsApp.lib'."
"Message",High,"  Generating code..."
"Message",High,"  Interop code generated."
"Message",Normal,"  Written code to AssemblyInfo.g.cs"
"Message",Normal,"  Written code to Adapters.g.cs"
"Message",Normal,"  Written code to Data.g.cs"
"Message",Normal,"  Written code to Helpers.g.cs"
"Message",Normal,"  Written code to ImplTypes.g.cs"
"Message",Normal,"  Written code to PInvoke.g.cs"
"Message",Normal,"  Written code to SafeTypes.g.cs"
"Message",Normal,"  Written code to SharedStubs.g.cs"
"Message",Normal,"Running 'GenerateCodeAndCompile' transform, heap at 173 MB."
"Message",High,"Generating serialization code"
"Message",High,"Compiling interop code"
"Message",Normal,"Compiling generated source code: C:\Program Files (x86)\Microsoft SDKs\UWPNuGetPackages\microsoft.net.native.compiler\1.7.6\tools\x86\ilc\csc\csc.exe /noconfig @""C:\Users\Noah\Documents\PublicFiles\ProdigalTestApp1\ProdigalTestApp1\obj\x86\Release\ilc\intermediate\ProdigalTestApp1.McgInterop.rsp"""
"Message",High,"Generating System.Reflection.DispatchProxy proxy code."
"Message",Normal,"Running 'DumpNativeResources' transform, heap at 173 MB."
"Message",Normal,"Running 'ReducedCopyInitialize' transform, heap at 173 MB."
"Message",Normal,"Running 'ReducedCopyEmptyTypes' transform, heap at 194 MB."
"Message",Normal,"Running 'ReducedCopyPopulateTypes' transform, heap at 195 MB."
"Message",Normal,"Running 'ReducedCopyLateMetadata' transform, heap at 205 MB."
"Message",Normal,"Running 'ReducedCopyMethodBodies' transform, heap at 124 MB."
"Message",Normal,"Running 'ReducedCopyComplete' transform, heap at 142 MB."
"Message",Normal,"Running 'ReducedCopyCleanup' transform, heap at 159 MB."
"Message",Normal,"Running 'DeveloperExperienceModeOnlyCodeRemover' transform, heap at 31 MB."
"Message",Normal,"Running 'ComImportDetector' transform, heap at 37 MB."
"Message",Normal,"Running 'McgAccessor' transform, heap at 37 MB."
"Message",Normal,"Running 'McgRedirect' transform, heap at 37 MB."
"Message",Normal,"Running 'McgRedirect' transform, heap at 39 MB."
"Message",Normal,"Running 'McgTypeOf' transform, heap at 40 MB."
"Message",Normal,"Running 'ExceptionMiniaturizer' transform, heap at 42 MB."
"Message",Normal,"Running 'EventSource' transform, heap at 50 MB."
"Message",Normal,"Running 'ValueType' transform, heap at 50 MB."
"Message",Normal,"Running 'Attribute' transform, heap at 50 MB."
"Message",Normal,"Running 'GetType' transform, heap at 50 MB."
"Message",Normal,"Running 'McgFixups' transform, heap at 50 MB."
"Message",Normal,"Running 'ResourceManagerCtor' transform, heap at 51 MB."
"Message",Normal,"Running 'TypeofTypeHandle' transform, heap at 51 MB."
"Message",Normal,"Running 'DispatchProxyIntrinsics' transform, heap at 53 MB."
"Message",Normal,"Running 'StaticInitData' transform, heap at 53 MB."
"Message",Normal,"Running 'StartupCodeInjector' transform, heap at 59 MB."
"Message",Normal,"Running 'InjectAppContextSwitches' transform, heap at 59 MB."
"Message",Normal,"Running 'ImplementLibraryDynamicInvokeHelpers' transform, heap at 59 MB."
"Message",Normal,"Running 'Delegate' transform, heap at 59 MB."
"Message",Normal,"Running 'DelegateCtorCall' transform, heap at 64 MB."
"Message",Normal,"Running 'LazyGenerics' transform, heap at 64 MB."
"Message",Normal,"Running 'AddReflectionBlockedAttributes' transform, heap at 71 MB."
"Message",Normal,"Running 'DisableOptimization' transform, heap at 71 MB."
"Message",Normal,"Running 'CreateMetadata' transform, heap at 71 MB."
"Message",Normal,"Running 'SaveRVAStatics' transform, heap at 81 MB."
"Message",Normal,"Running 'ReflectionInvoke' transform, heap at 82 MB."
"Message",Normal,"Running 'ScrubOpenCalls' transform, heap at 82 MB."
"Message",Normal,"Running 'ConvertCatchIntoFilter' transform, heap at 82 MB."
"Message",Normal,"Running 'ReflectionMappingInfoEmit' transform, heap at 82 MB."
"Message",Normal,"Running 'ConvertManagedWinMD' transform, heap at 83 MB."
"Message",Normal,"Running 'Reducer' transform, heap at 83 MB."
"Message",High,"Cleaning up unreferenced code"
"Message",Normal,"Running 'WriteAssemblies' transform, heap at 125 MB."
"Message",Normal,""
"Message",Normal,"Transform summary"
"Message",Normal,"    ms | heap delta | name"
"Message",Normal,"  8909 |          0 | GenerateCodeAndCompile"
"Message",Normal,"  7614 |        103 | Analysis"
"Message",Normal,"  3923 |        -64 | WriteAssemblies"
"Message",Normal,"  3416 |         21 | ReducedCopyInitialize"
"Message",Normal,"   999 |         60 | Mcg"
"Message",Normal,"   884 |         42 | Reducer"
"Message",Normal,"   427 |         10 | CreateMetadata"
"Message",Normal,"   337 |         17 | ReducedCopyComplete"
"Message",Normal,"   261 |          2 | McgTypeOf"
"Message",Normal,"   218 |        -81 | ReducedCopyLateMetadata"
"Message",Normal,"   178 |         10 | ReducedCopyPopulateTypes"
"Message",Normal,"   165 |         18 | ReducedCopyMethodBodies"
"Message",Normal,"   104 |          2 | McgRedirect"
"Message",Normal,"    91 |       -128 | ReducedCopyCleanup"
"Message",Normal,"    79 |          7 | LazyGenerics"
"Message",Normal,"    66 |          0 | DumpNativeResources"
"Message",Normal,"    65 |          6 | StaticInitData"
"Message",Normal,"    39 |          8 | ExceptionMiniaturizer"
"Message",Normal,"    34 |          2 | TypeofTypeHandle"
"Message",Normal,"    33 |          5 | Delegate"
"Message",Normal,"    33 |          1 | McgFixups"
"Message",Normal,"    31 |          1 | ReducedCopyEmptyTypes"
"Message",Normal,"    28 |          1 | McgRedirect"
"Message",Normal,"    24 |          0 | StartupCodeInjector"
"Message",Normal,"    18 |          0 | DelegateCtorCall"
"Message",Normal,"    18 |          0 | McgAccessor"
"Message",Normal,"    16 |          1 | SaveRVAStatics"
"Message",Normal,"    14 |          0 | ReflectionInvoke"
"Message",Normal,"    10 |          6 | DeveloperExperienceModeOnlyCodeRemover"
"Message",Normal,"     9 |          0 | DispatchProxyIntrinsics"
"Message",Normal,"     7 |          0 | GetType"
"Message",Normal,"     5 |          0 | Attribute"
"Message",Normal,"     5 |          0 | ConvertCatchIntoFilter"
"Message",Normal,"     5 |          0 | ScrubOpenCalls"
"Message",Normal,"     3 |          1 | ReflectionMappingInfoEmit"
"Message",Normal,"     2 |          0 | EventSource"
"Message",Normal,"     1 |          0 | ResourceManagerCtor"
"Message",Normal,"     0 |          0 | ConvertManagedWinMD"
"Message",Normal,"     0 |          0 | ImplementLibraryDynamicInvokeHelpers"
"Message",Normal,"     0 |          0 | ComImportDetector"
"Message",Normal,"     0 |          0 | AddReflectionBlockedAttributes"
"Message",Normal,"     0 |          0 | InjectAppContextSwitches"
"Message",Normal,"     0 |          0 | ValueType"
"Message",Normal,"     0 |          0 | DisableOptimization"
"Message",Low,"Done executing task ""RunILTransforms""."
"Message",Low,"Done building target ""RunILTransforms"" in file ""ILTransforms""."
"Message",Low,"Done building project ""ILTransforms""."
"Message",Low,""
"Message",Low,""
"Message",Low,"Done building target ""GenerateMDIL"" in file ""Nutc""."
"Message",Low,""
"Message",High,"Generating native code"
"Message",Low,"Done building target ""MDILPrepareMultiFile"" in file ""Nutc""."
"Message",Low,""
"Message",Low,"Done building target ""SetBinaryForReferences"" in file ""Nutc""."
"Message",Low,""
"Message",Low,"Task ""GenerateMDILGlobalAnalysis"""
"Message",Normal,"Launching 'C:\Program Files (x86)\Microsoft SDKs\UWPNuGetPackages\microsoft.net.native.compiler\1.7.6\tools\x86\ilc\Tools\nutc_driver.exe @""C:\Users\Noah\Documents\PublicFiles\ProdigalTestApp1\ProdigalTestApp1\obj\x86\Release\ilc\intermediate\MDIL\ProdigalTestApp1.rsp""'"
"Message",Low,"Microsoft (R) MDIL Compiler - Version 1.7.27420.00"
"Message",Low,"Copyright (c) Microsoft Corporation.  All rights reserved."
"Message",Low,"Scanning input types"
"Message",Low,"Scanning 2091 methods."
"Message",Low,"Scanning 1246 methods."
"Message",Low,"Scanning 415 methods."
"Message",Low,"Scanning 196 methods."
"Message",Low,"Scanning 1221 methods."
"Message",Low,"Scanning 742 methods."
"Message",Low,"Scanning 303 methods."
"Message",Low,"Scanning 318 methods."
"Message",Low,"Scanning 94 methods."
"Message",Low,"Scanning 27 methods."
"Message",Low,"Scanning 25 methods."
"Message",Low,"Scanning 10 methods."
"Message",Low,"Scanning 6 methods."
"Message",Low,"Scanning 2 methods."
"Message",Low,"Scanning 3 methods."
"Message",Low,"Scanning 18 methods."
"Message",Low,"Scanning 42 methods."
"Message",Low,"Scanning 54 methods."
"Message",Low,"Scanning 103 methods."
"Message",Low,"Scanning 69 methods."
"Message",Low,"Scanning 44 methods."
"Message",Low,"Scanning 4 methods."
"Message",Low,"Eager code generation"
"Message",Low,"Compiling 7033 methods."
"Message",Low,"Deferred code generation"
"Message",Low,"Successfully generated 'C:\Users\Noah\Documents\PublicFiles\ProdigalTestApp1\ProdigalTestApp1\obj\x86\Release\ilc\intermediate\MDIL\ProdigalTestApp1.mdilexe'"
"Message",Low,"Successfully generated 'C:\Users\Noah\Documents\PublicFiles\ProdigalTestApp1\ProdigalTestApp1\obj\x86\Release\ilc\intermediate\MDIL\ProdigalTestApp1.mdilpdb'"
"Message",Normal,"'C:\Program Files (x86)\Microsoft SDKs\UWPNuGetPackages\microsoft.net.native.compiler\1.7.6\tools\x86\ilc\Tools\nutc_driver.exe @""C:\Users\Noah\Documents\PublicFiles\ProdigalTestApp1\ProdigalTestApp1\obj\x86\Release\ilc\intermediate\MDIL\ProdigalTestApp1.rsp""' completed."
"Message",Normal,"Process execution statistics (all times in milliseconds)"
"Message",Normal,"-----------------------------------------------------------------------------"
"Message",Normal,"launch  |  start   |   stop   |   end    | duration | lifetime | [slot] name"
"Message",Normal,"-----------------------------------------------------------------------------"
"Message",Normal,"       0 |       78 |    11265 |    11265 |    11187 |    11265 | [0] Nutc GlobalAnalysis"
"Message",Normal,"Number of commands:      1"
"Message",Normal,"Total system time:       11265 ms"
"Message",Normal,"System time per command: 11265 ms"
"Message",Normal,"Total duration:          11187 ms"
"Message",Normal,"Total lifetime:          11265 ms"
"Message",Normal,"Requested DOP:           4"
"Message",Normal,"Duration DOP:            1.0"
"Message",Normal,"Lifetime DOP:            1.0"
"Message",Low,"Done executing task ""GenerateMDILGlobalAnalysis""."
"Message",Low,"Done building target ""GenerateMDILGlobalAnalysis"" in file ""Nutc""."
"Message",Low,""
"Message",Low,"Task ""rc"""
"Message",Normal,"Launching 'C:\Program Files (x86)\Windows Kits\10\bin\10.0.17763.0\x64\rc.exe /c ""65001"" /r /fo ""C:\Users\Noah\Documents\PublicFiles\ProdigalTestApp1\ProdigalTestApp1\obj\x86\Release\ilc\intermediate\BuildInfo\BuildInfo.res"" ""C:\Users\Noah\Documents\PublicFiles\ProdigalTestApp1\ProdigalTestApp1\obj\x86\Release\ilc\intermediate\BuildInfo\BuildInfo.rc""'"
"Message",Low,"Microsoft (R) Windows (R) Resource Compiler Version 10.0.10011.16384"
"Message",Low,"Copyright (C) Microsoft Corporation.  All rights reserved."
"Message",Normal,"'C:\Program Files (x86)\Windows Kits\10\bin\10.0.17763.0\x64\rc.exe /c ""65001"" /r /fo ""C:\Users\Noah\Documents\PublicFiles\ProdigalTestApp1\ProdigalTestApp1\obj\x86\Release\ilc\intermediate\BuildInfo\BuildInfo.res"" ""C:\Users\Noah\Documents\PublicFiles\ProdigalTestApp1\ProdigalTestApp1\obj\x86\Release\ilc\intermediate\BuildInfo\BuildInfo.rc""' completed."
"Message",Normal,"Process execution statistics (all times in milliseconds)"
"Message",Normal,"-----------------------------------------------------------------------------"
"Message",Normal,"launch  |  start   |   stop   |   end    | duration | lifetime | [slot] name"
"Message",Normal,"-----------------------------------------------------------------------------"
"Message",Normal,"       0 |      172 |      360 |      360 |      188 |      360 | [0] rc"
"Message",Normal,"Number of commands:      1"
"Message",Normal,"Total system time:       360 ms"
"Message",Normal,"System time per command: 360 ms"
"Message",Normal,"Total duration:          188 ms"
"Message",Normal,"Total lifetime:          360 ms"
"Message",Normal,"Requested DOP:           4"
"Message",Normal,"Duration DOP:            0.5"
"Message",Normal,"Lifetime DOP:            1.0"
"Message",Low,"Done executing task ""rc""."
"Message",Low,"Task ""ResourceBinaryConcatenate"""
"Message",Normal,"Concatenating into 'C:\Users\Noah\Documents\PublicFiles\ProdigalTestApp1\ProdigalTestApp1\obj\x86\Release\ilc\intermediate\Native.res' with alignment '4'."
"Message",Normal," Added 'C:\Users\Noah\Documents\PublicFiles\ProdigalTestApp1\ProdigalTestApp1\obj\x86\Release\ilc\intermediate\ILTransformed\ProdigalTestApp1.res' at offset 0."
"Message",Normal," Added 'C:\Users\Noah\Documents\PublicFiles\ProdigalTestApp1\ProdigalTestApp1\obj\x86\Release\ilc\intermediate\BuildInfo\BuildInfo.res' at offset 1448."
"Message",Low,"Done executing task ""ResourceBinaryConcatenate""."
"Message",Low,"Done building target ""GenerateBuildInfo"" in file ""Nutc""."
"Message",Low,"Done building project ""Nutc""."
"Message",Low,""
"Message",Low,""
"Message",Low,"Done building target ""MDILBindPrepare"" in file ""Binder""."
"Message",Low,""
"Message",High,"Generating fixups for native code"
"Message",Low,"Task ""MDILBind"""
"Message",Normal,"Launching 'C:\Program Files (x86)\Microsoft SDKs\UWPNuGetPackages\microsoft.net.native.compiler\1.7.6\tools\x86\ilc\Tools\rhbind.exe @""C:\Users\Noah\Documents\PublicFiles\ProdigalTestApp1\ProdigalTestApp1\obj\x86\Release\ilc\intermediate\rhbindargs.ProdigalTestApp1.rsp""'"
"Message",Low,"OS VERSION: major: 6  minor: 2"
"Message",Low,"MDIL: C:\Users\Noah\Documents\PublicFiles\ProdigalTestApp1\ProdigalTestApp1\obj\x86\Release\ilc\intermediate\MDIL\ProdigalTestApp1.mdilexe"
"Message",Low,"MDILPDB: C:\Users\Noah\Documents\PublicFiles\ProdigalTestApp1\ProdigalTestApp1\obj\x86\Release\ilc\intermediate\MDIL\ProdigalTestApp1.mdilpdb"
"Message",Low,"IL: C:\Users\Noah\Documents\PublicFiles\ProdigalTestApp1\ProdigalTestApp1\obj\x86\Release\ilc\intermediate\MDIL\ProdigalTestApp1.ilexe"
"Message",Low,"NI: C:\Users\Noah\Documents\PublicFiles\ProdigalTestApp1\ProdigalTestApp1\obj\x86\Release\ilc\intermediate\Native\ProdigalTestApp1.dll"
"Message",Low,"SHIM: C:\Users\Noah\Documents\PublicFiles\ProdigalTestApp1\ProdigalTestApp1\obj\x86\Release\ilc\intermediate\Native\ProdigalTestApp1.exe"
"Message",Low,"REDHAWK_RUNTIME_DLL_NAME_A=mrt100_app.dll"
"Message",Low,"pdb: C:\Users\Noah\Documents\PublicFiles\ProdigalTestApp1\ProdigalTestApp1\obj\x86\Release\ilc\intermediate\Native\ProdigalTestApp1.pdb"
"Message",Low,"Produced C:\Users\Noah\Documents\PublicFiles\ProdigalTestApp1\ProdigalTestApp1\obj\x86\Release\ilc\intermediate\Native\ProdigalTestApp1.dll in 0.846 seconds"
"Message",Normal,"'C:\Program Files (x86)\Microsoft SDKs\UWPNuGetPackages\microsoft.net.native.compiler\1.7.6\tools\x86\ilc\Tools\rhbind.exe @""C:\Users\Noah\Documents\PublicFiles\ProdigalTestApp1\ProdigalTestApp1\obj\x86\Release\ilc\intermediate\rhbindargs.ProdigalTestApp1.rsp""' completed."
"Message",Normal,"Process execution statistics (all times in milliseconds)"
"Message",Normal,"-----------------------------------------------------------------------------"
"Message",Normal,"launch  |  start   |   stop   |   end    | duration | lifetime | [slot] name"
"Message",Normal,"-----------------------------------------------------------------------------"
"Message",Normal,"       0 |       78 |      969 |      969 |      891 |      969 | [0] rhbind ProdigalTestApp1"
"Message",Normal,"Number of commands:      1"
"Message",Normal,"Total system time:       969 ms"
"Message",Normal,"System time per command: 969 ms"
"Message",Normal,"Total duration:          891 ms"
"Message",Normal,"Total lifetime:          969 ms"
"Message",Normal,"Requested DOP:           4"
"Message",Normal,"Duration DOP:            0.9"
"Message",Normal,"Lifetime DOP:            1.0"
"Message",Low,"Done executing task ""MDILBind""."
"Message",Low,"Done building target ""MDILBind"" in file ""Binder""."
"Message",Low,"Done building project ""Binder""."
"Message",Low,""
"Message",Low,""
"Message",Low,"Done building target ""CopyNativeExecutablesToOutput"" in file ""Deployment""."
"Message",Low,""
"Message",Low,"Task ""TransformAppxManifest"""
"Message",Low,"Done executing task ""TransformAppxManifest""."
"Message",Low,"Done building target ""TransformAppxManifestAndAddCrt"" in file ""Deployment""."
"Message",Low,""
"Message",Low,"Done building target ""CopyPackageResourceFileInRetailBuild"" in file ""Deployment""."
"Message",Low,"Done building project ""Deployment""."
"Message",Low,"Compilation finished"
